description,title,caption,hashtags,alt_text,arabic_caption
"New iced karak chai with cardamom, served cold in a tall glass.",Beat the Cairo Heat with Iced Karak!,"Your favorite spiced comfort, now served ice-cold. Introducing our new Iced Karak Chai—brewed with rich black tea, creamy milk, and freshly crushed cardamom. It is the perfect refreshing pick-me-up for sunny Cairo afternoons. Swing by and grab yours today!","#CairoCafes, #IcedKarak, #KarakChai, #CairoEats, #SummerInCairo","A tall, condensation-beaded glass filled with creamy, iced karak chai tea, served over ice cubes with a sprinkle of ground cardamom on top.","دفاك المفضل بنكهة التوابل الغنية، دلوقتي بنقدمهولك مثلج! 🧊

بنقدملكم ""شاي كرك مثلج"" الجديد—محضر من الشاي الأسود الغني، الحليب الكريمي، والحبهان المطحون طازة. هو جرعة الانتعاش المثالية اللي هتعدل مزاجك في عصاري القاهرة المشمسة. ☀️

عدّي علينا واطلب كوبايتك النهاردة!"
"Creamy iced karak chai made with black tea, milk, and fragrant cardamom.",Beat the Cairo Heat: Iced Karak Chai is Here! 🧊,"A frosty twist on your favorite classic. Our new Iced Karak Chai blends bold black tea, creamy milk, and fragrant cardamom over ice. Stop by our Zamalek cozy spot and sip the heat away! ✨","#CairoCafes, #IcedKarak, #ZamalekEats, #CairoFoodies","A tall glass of creamy, beige iced karak chai filled with ice cubes, resting on a rustic wooden table in a sunlit Cairo cafe.","لمسة باردة ومنعشة لمشروبك الكلاسيكي المفضل! ❄️

شاي الكرك المثلج الجديد بيمزج بين نكهة الشاي الأسود القوية، الحليب الكريمي، وعبير الحبهان العطري مع الثلج. 

عدّي علينا في مكاننا الرايق بالزمالك، وانسى الحر مع كل رشفة! ✨"
Refreshing iced karak chai served over ice with a sprinkle of ground cardamom.,Beat the Cairo Heat with Iced Karak Chai! ❄️,"Summer in Cairo calls for a refreshing twist on your favorite classic. Our Iced Karak Chai blends rich, spiced black tea with creamy milk and a sprinkle of fresh cardamom, served over ice to keep you cool all afternoon. Stop by for your daily escape!","#CairoCafes, #IcedKarakChai, #CairoEats, #KarakLover, #CairoFoodies","A tall, frosted glass of creamy, golden-brown iced karak chai topped with ice cubes and a light dusting of ground cardamom, set against a cozy café background.","صيف القاهرة محتاج لمسة انتعاش جديدة على مشروبك الكلاسيكي المفضل! ☀️

""شاي الكرك المثلّج"" بتاعنا بيمزج بين الشاي الأسود الغني بالتوابل، الحليب الكريمي، ورشة من الحبهان الفريش، وبنقدمهولك مع التلج عشان يرطب عليك ويفصلك عن حر العصرية. 🧊

عدّي علينا وافصل شوية في ملاذك اليومي المفضل!"
